<?xml version="1.0" encoding="UTF-8"?>

<!-- generated on 2022-05-20 17:33:55 by Eclipse SUMO netedit Version 1.13.0
-->

<additional xmlns:xsi="http://www.w3.org/2001/XMLSchema-instance" xsi:noNamespaceSchemaLocation="http://sumo.dlr.de/xsd/additional_file.xsd">
    <!-- StoppingPlaces -->
    <busStop id="bs_0" name="Piazza Dante Stazione FS" lane="23691829#1_0" startPos="37.78" endPos="47.78"/>
    <busStop id="bs_1" name="Rosmini S.Maria Maggiore" lane="24161642#0_0" startPos="9.95" endPos="19.95"/>
    <busStop id="bs_10" name="Mesiano Stazione FS" lane="461923146#1_0" startPos="21.41" endPos="31.41"/>
    <busStop id="bs_100" name="Segantini Centa" lane="23952132#3_0" startPos="7.66" endPos="17.66"/>
    <busStop id="bs_101" name="Piazza Centa" lane="24922527#0_0" startPos="56.46" endPos="66.46"/>
    <busStop id="bs_102" name="Segantini Dogana" lane="23952132#7_0" startPos="49.94" endPos="59.94"/>
    <busStop id="bs_103" name="Rosmini S.Maria Maggiore" lane="-24161642#0_0" startPos="14.35" endPos="24.35"/>
    <busStop id="bs_104" name="Rosmini Cimitero" lane="24226869#4_0" startPos="12.32" endPos="22.32"/>
    <busStop id="bs_105" name="Rosmini Cimitero" lane="-24226869#4_0" startPos="8.15" endPos="18.15"/>
    <busStop id="bs_106" name="Giusti Arcivescovile" lane="118389121#7_0" startPos="18.31" endPos="28.31"/>
    <busStop id="bs_107" name="Vittorio Veneto" lane="97236434_0" startPos="6.80" endPos="16.80"/>
    <busStop id="bs_108" name="Vittorio Veneto" lane="24443820#1_0" startPos="21.18" endPos="31.18"/>
    <busStop id="bs_109" name="Milano A Prato" lane="97251505#6_0" startPos="10.81" endPos="20.81"/>
    <busStop id="bs_11" name="Povo Valoni" lane="421813732_0" startPos="97.19" endPos="107.19"/>
    <busStop id="bs_110" name="Vittorio Veneto Lorenzoni" lane="24443824#1_0" startPos="16.12" endPos="26.12"/>
    <busStop id="bs_111" name="Milano A Prato" lane="-97251505#6_0" startPos="13.04" endPos="23.04"/>
    <busStop id="bs_112" name="Gorizia Adamello" lane="24443801#0_0" startPos="36.95" endPos="46.95"/>
    <busStop id="bs_113" name="Gorizia Adamello" lane="24400261_0" startPos="26.71" endPos="36.71"/>
    <busStop id="bs_114" name="Gorizia Adamello" lane="24443807#0_0" startPos="14.50" endPos="24.50"/>
    <busStop id="bs_115" name="3 Novembre" lane="24443789#0_0" startPos="45.54" endPos="55.54"/>
    <busStop id="bs_116" name="Giusti" lane="-118389121#7_0" startPos="55.71" endPos="65.71"/>
    <busStop id="bs_117" name="Vittorio Veneto" lane="24443826_0" startPos="170.53" endPos="180.53"/>
    <busStop id="bs_118" name="P.Dante Palazzo Regione" lane="43760621#5_0" startPos="60.94" endPos="70.94"/>
    <busStop id="bs_12" name="Povo Fac. Scienze" lane="36846951#0_0" startPos="26.07" endPos="36.07"/>
    <busStop id="bs_13" name="Povo Salè" lane="36846952#0_0" startPos="73.67" endPos="83.67"/>
    <busStop id="bs_14" name="Povo Centro Civico" lane="24435556#4_0" startPos="23.10" endPos="33.10"/>
    <busStop id="bs_15" name="Povo Piazza Manci" lane="24226975#0_0" startPos="2.37" endPos="5.37"/>
    <busStop id="bs_16" name="Povo S.Agata" lane="574541256#5_0" startPos="10.85" endPos="20.85"/>
    <busStop id="bs_17" name="Povo Polo Sociale" lane="574541273#4_0" startPos="10.50" endPos="20.50"/>
    <busStop id="bs_18" name="Povo Casa di Riposo" lane="80375838#5_0" startPos="82.57" endPos="92.57"/>
    <busStop id="bs_19" name="Sprè Pinara" lane="80375838#9_0" startPos="13.74" endPos="23.74"/>
    <busStop id="bs_2" name="Travai Al Nuoto" lane="23957570#2_0" startPos="44.50" endPos="54.50"/>
    <busStop id="bs_20" name="Sprè S.Lucia" lane="574541275_0" startPos="29.75" endPos="39.75"/>
    <busStop id="bs_21" name="Oltrecastello" lane="226233989_0" startPos="14.40" endPos="24.40"/>
    <busStop id="bs_22" name="Venezia Cave" lane="-23795535#1_0" startPos="43.03" endPos="53.03"/>
    <busStop id="bs_23" name="Venezia Port Acquila" lane="823407780#0_0" startPos="15.50" endPos="25.50"/>
    <busStop id="bs_24" name="Sanzio Castello" lane="35209301_0" startPos="129.56" endPos="139.56"/>
    <busStop id="bs_25" name="Romagnosi Vannetti" lane="30076096#2_0" startPos="54.95" endPos="64.95"/>
    <busStop id="bs_26" name="Piazza Dante Dogana" lane="99471236#2_0" startPos="8.10" endPos="18.10"/>
    <busStop id="bs_27" name="Povo Fac. Scienze" lane="-36846951#1_0" startPos="159.09" endPos="169.09"/>
    <busStop id="bs_28" name="Povo Salè" lane="-36846952#1_0" startPos="76.30" endPos="86.30"/>
    <busStop id="bs_29" name="Povo Centro Civico" lane="-24435556#4_0" startPos="36.99" endPos="46.99"/>
    <busStop id="bs_3" name="Piazza Fiera" lane="692614929#0_0" startPos="11.70" endPos="21.70"/>
    <busStop id="bs_30" name="Povo Valoni" lane="-421813732_0" startPos="19.39" endPos="29.39"/>
    <busStop id="bs_31" name="Mesiano Stazione FS" lane="-461923146#1_0" startPos="17.25" endPos="27.25"/>
    <busStop id="bs_32" name="Mesiano Fac. Ingegneria" lane="-23007976#1_0" startPos="52.74" endPos="62.74"/>
    <busStop id="bs_33" name="Ponte Lodovico" lane="-23004629_0" startPos="22.05" endPos="32.05"/>
    <busStop id="bs_34" name="Valsugana Corallo" lane="-24558722#7_0" startPos="61.80" endPos="71.80"/>
    <busStop id="bs_35" name="Povo Piazza Manci" lane="-24226975#0_0" startPos="2.69" endPos="5.69"/>
    <busStop id="bs_36" name="Povo Polo Sociale" lane="-80375838#0_0" startPos="7.31" endPos="17.31"/>
    <busStop id="bs_37" name="Povo Casa di Riposo" lane="-80375838#5_0" startPos="17.33" endPos="27.33"/>
    <busStop id="bs_38" name="Sprè Pinara" lane="-80375838#9_0" startPos="20.97" endPos="30.97"/>
    <busStop id="bs_39" name="Sprè S.Lucia" lane="-574541275_0" startPos="118.82" endPos="128.82"/>
    <busStop id="bs_4" name="S.Francesco Porta Nuova" lane="-24755681#2_0" startPos="31.35" endPos="41.35"/>
    <busStop id="bs_40" name="Borino" lane="-250533486#2_0" startPos="18.06" endPos="28.06"/>
    <busStop id="bs_41" name="Vela Centro" lane="97251504#1_0" startPos="11.62" endPos="21.62"/>
    <busStop id="bs_42" name="Vela Alla Scala" lane="97251480#12_0" startPos="10.81" endPos="20.81"/>
    <busStop id="bs_43" name="Vela S.Giorgio" lane="-23884318#1_0" startPos="13.54" endPos="23.54"/>
    <busStop id="bs_44" name="Dos Trento Centro Sportivo" lane="-687017023_0" startPos="73.10" endPos="83.10"/>
    <busStop id="bs_45" name="Parco del Dos Trent" lane="29396886#10_0" startPos="18.99" endPos="28.99"/>
    <busStop id="bs_46" name="Brescia Divisioni Alpine" lane="-809914198#4_0" startPos="12.21" endPos="22.21"/>
    <busStop id="bs_47" name="Brescia Piedicastello" lane="-809914198#0_0" startPos="17.33" endPos="27.33"/>
    <busStop id="bs_48" name="S.Lorenzo Funivia" lane="-758183648#1_0" startPos="7.93" endPos="17.93"/>
    <busStop id="bs_49" name="Cavalcavia S.Lorenzo" lane="-23795565#0_0" startPos="179.44" endPos="189.44"/>
    <busStop id="bs_5" name="Venezia Port acquila" lane="829951744#0_0" startPos="27.57" endPos="37.57"/>
    <busStop id="bs_50" name="Gazzoletti Piazza Dante" lane="27742894_0" startPos="17.18" endPos="27.18"/>
    <busStop id="bs_51" name="Castello Buonconsiglio" lane="-23795382_0" startPos="9.56" endPos="19.56"/>
    <busStop id="bs_52" name="S.Francesco Portanuova" lane="24755681#2_0" startPos="18.68" endPos="28.68"/>
    <busStop id="bs_53" name="Barbacovi" lane="42288376#3_0" startPos="21.22" endPos="31.22"/>
    <busStop id="bs_54" name="Piazza Vicenza" lane="-97251502_0" startPos="26.85" endPos="36.85"/>
    <busStop id="bs_55" name="Vicenza Montello" lane="-24454097#0_0" startPos="54.32" endPos="64.32"/>
    <busStop id="bs_56" name="Asiago Bellevue" lane="-68286130#8_0" startPos="25.20" endPos="35.20"/>
    <busStop id="bs_57" name="Asiago Cernidor" lane="-68286130#4_0" startPos="83.34" endPos="93.34"/>
    <busStop id="bs_58" name="Asiago San Bartolomeo" lane="-697625113#1_0" startPos="12.02" endPos="22.02"/>
    <busStop id="bs_59" name="Villazzano Stazione FS" lane="-102189362_0" startPos="138.22" endPos="148.22"/>
    <busStop id="bs_6" name="Venezia Cave" lane="23795535#1_0" startPos="24.36" endPos="34.36"/>
    <busStop id="bs_60" name="Villazzano Villa Tamboni" lane="-85334603#15_0" startPos="33.02" endPos="43.02"/>
    <busStop id="bs_61" name="Villazzano Villa De Mersi" lane="-85334603#4_0" startPos="21.81" endPos="31.81"/>
    <busStop id="bs_62" name="Villazzano Chiesa" lane="-85334603#0_0" startPos="8.11" endPos="18.11"/>
    <busStop id="bs_63" name="Villazzano Piazza Nicolini" lane="-292088660#0_0" startPos="9.49" endPos="19.49"/>
    <busStop id="bs_64" name="Villazzano Giordano" lane="320176573#5_0" startPos="80.09" endPos="90.09"/>
    <busStop id="bs_65" name="Villazzano Giordano" lane="-320176573#5_0" startPos="10.04" endPos="20.04"/>
    <busStop id="bs_66" name="Villazzano Marzola" lane="24479370#1_0" startPos="349.94" endPos="359.94"/>
    <busStop id="bs_67" name="Villazzano Marzola" lane="-407005413#1_0" startPos="51.01" endPos="61.01"/>
    <busStop id="bs_68" name="Villazzano Villa Belfronte" lane="407005413#5_0" startPos="81.71" endPos="91.71"/>
    <busStop id="bs_69" name="Villazzano Villa Belfronte" lane="-407005413#5_0" startPos="33.84" endPos="43.84"/>
    <busStop id="bs_7" name="Venezia Corallo" lane="24558722#1_0" startPos="75.42" endPos="85.42"/>
    <busStop id="bs_70" name="Grotta Bindesi" lane="-36836085#3_0" startPos="15.37" endPos="25.37"/>
    <busStop id="bs_71" name="Grotta Bindesi" lane="36836085#3_0" startPos="72.16" endPos="82.16"/>
    <busStop id="bs_72" name="Grotta Piazza" lane="36836085#0_0" startPos="7.66" endPos="17.66"/>
    <busStop id="bs_73" name="Villazzano Banala" lane="85334603#6_0" startPos="27.37" endPos="37.37"/>
    <busStop id="bs_74" name="Apuleio" lane="23854781#5_0" startPos="85.67" endPos="95.67"/>
    <busStop id="bs_75" name="Villazzano Piazza Nicolini" lane="-320176573#0_0" startPos="86.24" endPos="96.24"/>
    <busStop id="bs_76" name="Villazzano Villa Tambesi" lane="85334603#15_0" startPos="20.68" endPos="30.68"/>
    <busStop id="bs_77" name="Villazzano Stazione FS" lane="293396881_0" startPos="45.08" endPos="55.08"/>
    <busStop id="bs_78" name="Asiago Banala" lane="697625113#1_0" startPos="76.79" endPos="86.79"/>
    <busStop id="bs_79" name="Asiago Cernidor" lane="68286130#4_0" startPos="46.46" endPos="56.46"/>
    <busStop id="bs_8" name="Ponte Lodovico" lane="24558722#9_0" startPos="124.24" endPos="134.24"/>
    <busStop id="bs_80" name="Asiago Bellevue" lane="68286130#8_0" startPos="143.30" endPos="153.30"/>
    <busStop id="bs_81" name="Vicenza Montello" lane="24454097#0_0" startPos="27.77" endPos="37.77"/>
    <busStop id="bs_82" name="Piazza Vicenza" lane="97251502_0" startPos="28.24" endPos="38.24"/>
    <busStop id="bs_83" name="Giovanelli Ospedale S.Camillo" lane="574541253_0" startPos="12.17" endPos="22.17"/>
    <busStop id="bs_84" name="Grazioli Brigata Acqui." lane="308335486#0_0" startPos="18.84" endPos="28.84"/>
    <busStop id="bs_85" name="S.Lorenzo Funivia" lane="48769827_0" startPos="179.42" endPos="189.42"/>
    <busStop id="bs_86" name="Brescia Piedicastello" lane="775625754#0_0" startPos="25.07" endPos="35.07"/>
    <busStop id="bs_87" name="Brescia Divisioni Alpine" lane="809914198#4_0" startPos="32.56" endPos="42.56"/>
    <busStop id="bs_88" name="Parco del Dos Trent" lane="-29396886#10_0" startPos="39.00" endPos="49.00"/>
    <busStop id="bs_89" name="Dos Trent Centro Sportivo" lane="687017023_0" startPos="15.28" endPos="25.28"/>
    <busStop id="bs_9" name="Mesiano Fac. Ingegneria" lane="23007976#1_0" startPos="31.84" endPos="41.84"/>
    <busStop id="bs_90" name="Vela S.Giorgio" lane="23884318#1_0" startPos="14.99" endPos="24.99"/>
    <busStop id="bs_91" name="Vela alla Scala" lane="-97251480#12_0" startPos="16.23" endPos="26.23"/>
    <busStop id="bs_92" name="Vela Scuole S.Vigilio" lane="-97251480#1_0" startPos="23.21" endPos="33.21"/>
    <busStop id="bs_93" name="Dos Trento Apuleio" lane="-97251491#0_0" startPos="51.29" endPos="61.29"/>
    <busStop id="bs_94" name="Dos Trento Mariano" lane="-116455319#1_0" startPos="12.59" endPos="22.59"/>
    <busStop id="bs_95" name="Ponte S.Giorgio" lane="97251483_0" startPos="7.44" endPos="17.44"/>
    <busStop id="bs_96" name="Ponte S.Giorgio" lane="23854781#0_0" startPos="25.57" endPos="35.57"/>
    <busStop id="bs_97" name="Fontana Ferrovieri" lane="-97111248_0" startPos="21.09" endPos="31.09"/>
    <busStop id="bs_98" name="Fontana General Cantore" lane="-97111275#1_0" startPos="14.99" endPos="24.99"/>
    <busStop id="bs_99" name="Fontana General Cantore" lane="97111275#1_0" startPos="49.06" endPos="59.06"/>
</additional>
